iso:alpha-3,iso:alpha-2,iso:m49_code,iso:3166-2,centeroid:latitude,centeroid:longitude,wb:country,un:country_or_area,wb:region,wb:income_group,wb:lending_category,wb:other,un: region,un:sub-region,un:intermediate-region,un:region-code,un:sub-region-code,un:intermediate-region-code
KOR,KR,410,ISO 3166-2:KR,35.907757,127.766922,"Korea, Rep.",Republic of Korea,East Asia & Pacific,High income,..,,Asia,Eastern Asia,,142,030,
PRK,KP,408,ISO 3166-2:KP,40.339852,127.510093,"Korea, Dem. People's Rep.",Democratic People's Republic of Korea,East Asia & Pacific,Low income,..,,Asia,Eastern Asia,,142,030,
CHN,CN,156,ISO 3166-2:CN,35.86166,104.195397,China,China,East Asia & Pacific,Upper middle income,IBRD,,Asia,Eastern Asia,,142,030,
TWN,TW,158,ISO 3166-2:TW,23.69781,120.960515,"Taiwan, China",,East Asia & Pacific,High income,..,,Asia,Eastern Asia,,142,030,
MNG,MN,496,ISO 3166-2:MN,46.862496,103.846656,Mongolia,Mongolia,East Asia & Pacific,Lower middle income,IBRD,,Asia,Eastern Asia,,142,030,
HKG,HK,344,ISO 3166-2:HK,22.396428,114.109497,"Hong Kong SAR, China",,East Asia & Pacific,High income,..,,Asia,Eastern Asia,,142,030,
VNM,VN,704,ISO 3166-2:VN,14.058324,108.277199,Vietnam,Viet Nam,East Asia & Pacific,Lower middle income,IBRD,,Asia,South-eastern Asia,,142,035,
THA,TH,764,ISO 3166-2:TH,15.870032,100.992541,Thailand,Thailand,East Asia & Pacific,Upper middle income,IBRD,,Asia,South-eastern Asia,,142,035,
SGP,SG,702,ISO 3166-2:SG,1.352083,103.819836,Singapore,Singapore,East Asia & Pacific,High income,..,,Asia,South-eastern Asia,,142,035,
MYS,MY,458,ISO 3166-2:MY,4.210484,101.975766,Malaysia,Malaysia,East Asia & Pacific,Upper middle income,IBRD,,Asia,South-eastern Asia,,142,035,
BRN,BN,096,ISO 3166-2:BN,4.535277,114.727669,Brunei Darussalam,Brunei Darussalam,East Asia & Pacific,High income,..,,Asia,South-eastern Asia,,142,035,
PHL,PH,608,ISO 3166-2:PH,12.879721,121.774017,Philippines,Philippines,East Asia & Pacific,Lower middle income,IBRD,,Asia,South-eastern Asia,,142,035,
IDN,ID,360,ISO 3166-2:ID,-0.789275,113.921327,Indonesia,Indonesia,East Asia & Pacific,Upper middle income,IBRD,,Asia,South-eastern Asia,,142,035,
KHM,KH,116,ISO 3166-2:KH,12.565679,104.990963,Cambodia,Cambodia,East Asia & Pacific,Lower middle income,IDA,,Asia,South-eastern Asia,,142,035,
LAO,LA,418,ISO 3166-2:LA,19.85627,102.495496,Lao PDR,Lao People's Democratic Republic,East Asia & Pacific,Lower middle income,IDA,,Asia,South-eastern Asia,,142,035,
MMR,MM,104,ISO 3166-2:MM,21.913965,95.956223,Myanmar,Myanmar,East Asia & Pacific,Lower middle income,IDA,,Asia,South-eastern Asia,,142,035,
IND,IN,356,ISO 3166-2:IN,20.593684,78.96288,India,India,South Asia,Lower middle income,IBRD,,Asia,Southern Asia,,142,034,
PAK,PK,586,ISO 3166-2:PK,30.375321,69.345116,Pakistan,Pakistan,South Asia,Lower middle income,Blend,,Asia,Southern Asia,,142,034,
LKA,LK,144,ISO 3166-2:LK,7.873054,80.771797,Sri Lanka,Sri Lanka,South Asia,Lower middle income,IBRD,,Asia,Southern Asia,,142,034,
MDV,MV,462,ISO 3166-2:MV,3.202778,73.22068,Maldives,Maldives,South Asia,Upper middle income,IDA,,Asia,Southern Asia,,142,034,
BGD,BD,050,ISO 3166-2:BD,23.684994,90.356331,Bangladesh,Bangladesh,South Asia,Lower middle income,IDA,,Asia,Southern Asia,,142,034,
TLS,TL,626,ISO 3166-2:TL,-8.874217,125.727539,Timor-Leste,Timor-Leste,East Asia & Pacific,Lower middle income,Blend,,Asia,South-eastern Asia,,142,035,
MAC,MO,446,ISO 3166-2:MO,22.198745,113.543873,"Macao SAR, China",,East Asia & Pacific,High income,..,,Asia,Eastern Asia,,142,030,
AFG,AF,004,ISO 3166-2:AF,33.93911,67.709953,Afghanistan,Afghanistan,South Asia,Low income,IDA,HIPC,Asia,Southern Asia,,142,034,
NPL,NP,524,ISO 3166-2:NP,28.394857,84.124008,Nepal,Nepal,South Asia,Lower middle income,IDA,,Asia,Southern Asia,,142,034,
BTN,BT,064,ISO 3166-2:BT,27.514162,90.433601,Bhutan,Bhutan,South Asia,Lower middle income,IDA,,Asia,Southern Asia,,142,034,
IRN,IR,364,ISO 3166-2:IR,32.427908,53.688046,"Iran, Islamic Rep.",Iran (Islamic Republic of),Middle East & North Africa,Upper middle income,IBRD,,Asia,Southern Asia,,142,034,
IRQ,IQ,368,ISO 3166-2:IQ,33.223191,43.679291,Iraq,Iraq,Middle East & North Africa,Upper middle income,IBRD,,Asia,Western Asia,,142,145,
BHR,BH,048,ISO 3166-2:BH,25.930414,50.637772,Bahrain,Bahrain,Middle East & North Africa,High income,..,,Asia,Western Asia,,142,145,
SAU,SA,682,ISO 3166-2:SA,23.885942,45.079162,Saudi Arabia,Saudi Arabia,Middle East & North Africa,High income,..,,Asia,Western Asia,,142,145,
KWT,KW,414,ISO 3166-2:KW,29.31166,47.481766,Kuwait,Kuwait,Middle East & North Africa,High income,..,,Asia,Western Asia,,142,145,
QAT,QA,634,ISO 3166-2:QA,25.354826,51.183884,Qatar,Qatar,Middle East & North Africa,High income,..,,Asia,Western Asia,,142,145,
OMN,OM,512,ISO 3166-2:OM,21.512583,55.923255,Oman,Oman,Middle East & North Africa,High income,..,,Asia,Western Asia,,142,145,
ISR,IL,376,ISO 3166-2:IL,31.046051,34.851612,Israel,Israel,Middle East & North Africa,High income,..,,Asia,Western Asia,,142,145,
JOR,JO,400,ISO 3166-2:JO,30.585164,36.238414,Jordan,Jordan,Middle East & North Africa,Upper middle income,IBRD,,Asia,Western Asia,,142,145,
SYR,SY,760,ISO 3166-2:SY,34.802075,38.996815,Syrian Arab Republic,Syrian Arab Republic,Middle East & North Africa,Low income,IDA,,Asia,Western Asia,,142,145,
LBN,LB,422,ISO 3166-2:LB,33.854721,35.862285,Lebanon,Lebanon,Middle East & North Africa,Upper middle income,IBRD,,Asia,Western Asia,,142,145,
ARE,AE,784,ISO 3166-2:AE,23.424076,53.847818,United Arab Emirates,United Arab Emirates,Middle East & North Africa,High income,..,,Asia,Western Asia,,142,145,
YEM,YE,887,ISO 3166-2:YE,15.552727,48.516388,"Yemen, Rep.",Yemen,Middle East & North Africa,Low income,IDA,,Asia,Western Asia,,142,145,
AZE,AZ,031,ISO 3166-2:AZ,40.143105,47.576927,Azerbaijan,Azerbaijan,Europe & Central Asia,Upper middle income,IBRD,,Asia,Western Asia,,142,145,
ARM,AM,051,ISO 3166-2:AM,40.069099,45.038189,Armenia,Armenia,Europe & Central Asia,Upper middle income,IBRD,,Asia,Western Asia,,142,145,
UZB,UZ,860,ISO 3166-2:UZ,41.377491,64.585262,Uzbekistan,Uzbekistan,Europe & Central Asia,Lower middle income,Blend,,Asia,Central Asia,,142,143,
KAZ,KZ,398,ISO 3166-2:KZ,48.019573,66.923684,Kazakhstan,Kazakhstan,Europe & Central Asia,Upper middle income,IBRD,,Asia,Central Asia,,142,143,
KGZ,KG,417,ISO 3166-2:KG,41.20438,74.766098,Kyrgyz Republic,Kyrgyzstan,Europe & Central Asia,Lower middle income,IDA,,Asia,Central Asia,,142,143,
TJK,TJ,762,ISO 3166-2:TJ,38.861034,71.276093,Tajikistan,Tajikistan,Europe & Central Asia,Low income,IDA,,Asia,Central Asia,,142,143,
TKM,TM,795,ISO 3166-2:TM,38.969719,59.556278,Turkmenistan,Turkmenistan,Europe & Central Asia,Upper middle income,IBRD,,Asia,Central Asia,,142,143,
GEO,GE,268,ISO 3166-2:GE,42.315407,43.356892,Georgia,Georgia,Europe & Central Asia,Upper middle income,IBRD,,Asia,Western Asia,,142,145,
PSE,PS,275,ISO 3166-2:PS,31.952162,35.233154,West Bank and Gaza,State of Palestine,Middle East & North Africa,Lower middle income,..,,Asia,Western Asia,,142,145,
ISL,IS,352,ISO 3166-2:IS,64.963051,-19.020835,Iceland,Iceland,Europe & Central Asia,High income,..,,Europe,Northern Europe,,150,154,
NOR,NO,578,ISO 3166-2:NO,60.472024,8.468946,Norway,Norway,Europe & Central Asia,High income,..,,Europe,Northern Europe,,150,154,
SWE,SE,752,ISO 3166-2:SE,60.128161,18.643501,Sweden,Sweden,Europe & Central Asia,High income,..,,Europe,Northern Europe,,150,154,
DNK,DK,208,ISO 3166-2:DK,56.26392,9.501785,Denmark,Denmark,Europe & Central Asia,High income,..,,Europe,Northern Europe,,150,154,
GBR,GB,826,ISO 3166-2:GB,55.378051,-3.435973,United Kingdom,United Kingdom of Great Britain and Northern Ireland,Europe & Central Asia,High income,..,,Europe,Northern Europe,,150,154,
IRL,IE,372,ISO 3166-2:IE,53.41291,-8.24389,Ireland,Ireland,Europe & Central Asia,High income,..,EMU,Europe,Northern Europe,,150,154,
NLD,NL,528,ISO 3166-2:NL,52.132633,5.291266,Netherlands,Netherlands,Europe & Central Asia,High income,..,EMU,Europe,Western Europe,,150,155,
BEL,BE,056,ISO 3166-2:BE,50.503887,4.469936,Belgium,Belgium,Europe & Central Asia,High income,..,EMU,Europe,Western Europe,,150,155,
LUX,LU,442,ISO 3166-2:LU,49.815273,6.129583,Luxembourg,Luxembourg,Europe & Central Asia,High income,..,EMU,Europe,Western Europe,,150,155,
FRA,FR,250,ISO 3166-2:FR,46.227638,2.213749,France,France,Europe & Central Asia,High income,..,EMU,Europe,Western Europe,,150,155,
MCO,MC,492,ISO 3166-2:MC,43.750298,7.412841,Monaco,Monaco,Europe & Central Asia,High income,..,,Europe,Western Europe,,150,155,
AND,AD,020,ISO 3166-2:AD,42.546245,1.601554,Andorra,Andorra,Europe & Central Asia,High income,..,,Europe,Southern Europe,,150,039,
DEU,DE,276,ISO 3166-2:DE,51.165691,10.451526,Germany,Germany,Europe & Central Asia,High income,..,EMU,Europe,Western Europe,,150,155,
CHE,CH,756,ISO 3166-2:CH,46.818188,8.227512,Switzerland,Switzerland,Europe & Central Asia,High income,..,,Europe,Western Europe,,150,155,
PRT,PT,620,ISO 3166-2:PT,39.399872,-8.224454,Portugal,Portugal,Europe & Central Asia,High income,..,EMU,Europe,Southern Europe,,150,039,
ESP,ES,724,ISO 3166-2:ES,40.463667,-3.74922,Spain,Spain,Europe & Central Asia,High income,..,EMU,Europe,Southern Europe,,150,039,
GIB,GI,292,ISO 3166-2:GI,36.137741,-5.345374,Gibraltar,Gibraltar,Europe & Central Asia,High income,..,,Europe,Southern Europe,,150,039,
ITA,IT,380,ISO 3166-2:IT,41.87194,12.56738,Italy,Italy,Europe & Central Asia,High income,..,EMU,Europe,Southern Europe,,150,039,
MLT,MT,470,ISO 3166-2:MT,35.937496,14.375416,Malta,Malta,Middle East & North Africa,High income,..,EMU,Europe,Southern Europe,,150,039,
FIN,FI,246,ISO 3166-2:FI,61.92411,25.748151,Finland,Finland,Europe & Central Asia,High income,..,EMU,Europe,Northern Europe,,150,154,
POL,PL,616,ISO 3166-2:PL,51.919438,19.145136,Poland,Poland,Europe & Central Asia,High income,IBRD,,Europe,Eastern Europe,,150,151,
RUS,RU,643,ISO 3166-2:RU,61.52401,105.318756,Russian Federation,Russian Federation,Europe & Central Asia,Upper middle income,IBRD,,Europe,Eastern Europe,,150,151,
AUT,AT,040,ISO 3166-2:AT,47.516231,14.550072,Austria,Austria,Europe & Central Asia,High income,..,EMU,Europe,Western Europe,,150,155,
HUN,HU,348,ISO 3166-2:HU,47.162494,19.503304,Hungary,Hungary,Europe & Central Asia,High income,..,,Europe,Eastern Europe,,150,151,
SRB,RS,688,ISO 3166-2:RS,44.016521,21.005859,Serbia,Serbia,Europe & Central Asia,Upper middle income,IBRD,,Europe,Southern Europe,,150,039,
ALB,AL,008,ISO 3166-2:AL,41.153332,20.168331,Albania,Albania,Europe & Central Asia,Upper middle income,IBRD,,Europe,Southern Europe,,150,039,
GRC,GR,300,ISO 3166-2:GR,39.074208,21.824312,Greece,Greece,Europe & Central Asia,High income,..,EMU,Europe,Southern Europe,,150,039,
ROU,RO,642,ISO 3166-2:RO,45.943161,24.96676,Romania,Romania,Europe & Central Asia,High income,IBRD,,Europe,Eastern Europe,,150,151,
BGR,BG,100,ISO 3166-2:BG,42.733883,25.48583,Bulgaria,Bulgaria,Europe & Central Asia,Upper middle income,IBRD,,Europe,Eastern Europe,,150,151,
CYP,CY,196,ISO 3166-2:CY,35.126413,33.429859,Cyprus,Cyprus,Europe & Central Asia,High income,..,EMU,Asia,Western Asia,,142,145,
TUR,TR,792,ISO 3166-2:TR,38.963745,35.243322,Turkey,Turkey,Europe & Central Asia,Upper middle income,IBRD,,Asia,Western Asia,,142,145,
EST,EE,233,ISO 3166-2:EE,58.595272,25.013607,Estonia,Estonia,Europe & Central Asia,High income,..,EMU,Europe,Northern Europe,,150,154,
LVA,LV,428,ISO 3166-2:LV,56.879635,24.603189,Latvia,Latvia,Europe & Central Asia,High income,..,EMU,Europe,Northern Europe,,150,154,
LTU,LT,440,ISO 3166-2:LT,55.169438,23.881275,Lithuania,Lithuania,Europe & Central Asia,High income,..,EMU,Europe,Northern Europe,,150,154,
UKR,UA,804,ISO 3166-2:UA,48.379433,31.16558,Ukraine,Ukraine,Europe & Central Asia,Lower middle income,IBRD,,Europe,Eastern Europe,,150,151,
BLR,BY,112,ISO 3166-2:BY,53.709807,27.953389,Belarus,Belarus,Europe & Central Asia,Upper middle income,IBRD,,Europe,Eastern Europe,,150,151,
MDA,MD,498,ISO 3166-2:MD,47.411631,28.369885,Moldova,Republic of Moldova,Europe & Central Asia,Lower middle income,IBRD,,Europe,Eastern Europe,,150,151,
HRV,HR,191,ISO 3166-2:HR,45.1,15.2,Croatia,Croatia,Europe & Central Asia,High income,IBRD,,Europe,Southern Europe,,150,039,
SVN,SI,705,ISO 3166-2:SI,46.151241,14.995463,Slovenia,Slovenia,Europe & Central Asia,High income,..,EMU,Europe,Southern Europe,,150,039,
BIH,BA,070,ISO 3166-2:BA,43.915886,17.679076,Bosnia and Herzegovina,Bosnia and Herzegovina,Europe & Central Asia,Upper middle income,IBRD,,Europe,Southern Europe,,150,039,
MKD,MK,807,ISO 3166-2:MK,41.608635,21.745275,North Macedonia,North Macedonia,Europe & Central Asia,Upper middle income,IBRD,,Europe,Southern Europe,,150,039,
CZE,CZ,203,ISO 3166-2:CZ,49.817492,15.472962,Czech Republic,Czechia,Europe & Central Asia,High income,..,,Europe,Eastern Europe,,150,151,
SVK,SK,703,ISO 3166-2:SK,48.669026,19.699024,Slovak Republic,Slovakia,Europe & Central Asia,High income,..,EMU,Europe,Eastern Europe,,150,151,
MNE,ME,499,ISO 3166-2:ME,42.708678,19.37439,Montenegro,Montenegro,Europe & Central Asia,Upper middle income,IBRD,,Europe,Southern Europe,,150,039,
GRL,GL,304,ISO 3166-2:GL,71.706936,-42.604303,Greenland,Greenland,Europe & Central Asia,High income,..,,Americas,Northern America,,019,021,
CAN,CA,124,ISO 3166-2:CA,56.130366,-106.346771,Canada,Canada,North America,High income,..,,Americas,Northern America,,019,021,
SPM,PM,666,,46.941936,-56.27111,,Saint Pierre and Miquelon,,,,,Americas,Northern America,,019,021,
USA,US,840,ISO 3166-2:US,37.09024,-95.712891,United States,United States of America,North America,High income,..,,Americas,Northern America,,019,021,
MEX,MX,484,ISO 3166-2:MX,23.634501,-102.552784,Mexico,Mexico,Latin America & Caribbean,Upper middle income,IBRD,,Americas,Latin America and the Caribbean,Central America,019,419,013
GTM,GT,320,ISO 3166-2:GT,15.783471,-90.230759,Guatemala,Guatemala,Latin America & Caribbean,Upper middle income,IBRD,,Americas,Latin America and the Caribbean,Central America,019,419,013
HND,HN,340,ISO 3166-2:HN,15.199999,-86.241905,Honduras,Honduras,Latin America & Caribbean,Lower middle income,IDA,HIPC,Americas,Latin America and the Caribbean,Central America,019,419,013
BLZ,BZ,084,ISO 3166-2:BZ,17.189877,-88.49765,Belize,Belize,Latin America & Caribbean,Upper middle income,IBRD,,Americas,Latin America and the Caribbean,Central America,019,419,013
SLV,SV,222,ISO 3166-2:SV,13.794185,-88.89653,El Salvador,El Salvador,Latin America & Caribbean,Lower middle income,IBRD,,Americas,Latin America and the Caribbean,Central America,019,419,013
NIC,NI,558,ISO 3166-2:NI,12.865416,-85.207229,Nicaragua,Nicaragua,Latin America & Caribbean,Lower middle income,IDA,HIPC,Americas,Latin America and the Caribbean,Central America,019,419,013
CRI,CR,188,ISO 3166-2:CR,9.748917,-83.753428,Costa Rica,Costa Rica,Latin America & Caribbean,Upper middle income,IBRD,,Americas,Latin America and the Caribbean,Central America,019,419,013
PAN,PA,591,ISO 3166-2:PA,8.537981,-80.782127,Panama,Panama,Latin America & Caribbean,High income,IBRD,,Americas,Latin America and the Caribbean,Central America,019,419,013
BMU,BM,060,ISO 3166-2:BM,32.321384,-64.75737,Bermuda,Bermuda,North America,High income,..,,Americas,Northern America,,019,021,
BHS,BS,044,ISO 3166-2:BS,25.03428,-77.39628,"Bahamas, The",Bahamas,Latin America & Caribbean,High income,..,,Americas,Latin America and the Caribbean,Caribbean,019,419,029
JAM,JM,388,ISO 3166-2:JM,18.109581,-77.297508,Jamaica,Jamaica,Latin America & Caribbean,Upper middle income,IBRD,,Americas,Latin America and the Caribbean,Caribbean,019,419,029
TCA,TC,796,ISO 3166-2:TC,21.694025,-71.797928,Turks and Caicos Islands,Turks and Caicos Islands,Latin America & Caribbean,High income,..,,Americas,Latin America and the Caribbean,Caribbean,019,419,029
BRB,BB,052,ISO 3166-2:BB,13.193887,-59.543198,Barbados,Barbados,Latin America & Caribbean,High income,..,,Americas,Latin America and the Caribbean,Caribbean,019,419,029
TTO,TT,780,ISO 3166-2:TT,10.691803,-61.222503,Trinidad and Tobago,Trinidad and Tobago,Latin America & Caribbean,High income,IBRD,,Americas,Latin America and the Caribbean,Caribbean,019,419,029
CUB,CU,192,ISO 3166-2:CU,21.521757,-77.781167,Cuba,Cuba,Latin America & Caribbean,Upper middle income,..,,Americas,Latin America and the Caribbean,Caribbean,019,419,029
HTI,HT,332,ISO 3166-2:HT,18.971187,-72.285215,Haiti,Haiti,Latin America & Caribbean,Low income,IDA,HIPC,Americas,Latin America and the Caribbean,Caribbean,019,419,029
DOM,DO,214,ISO 3166-2:DO,18.735693,-70.162651,Dominican Republic,Dominican Republic,Latin America & Caribbean,Upper middle income,IBRD,,Americas,Latin America and the Caribbean,Caribbean,019,419,029
PRI,PR,630,ISO 3166-2:PR,18.220833,-66.590149,Puerto Rico,Puerto Rico,Latin America & Caribbean,High income,..,,Americas,Latin America and the Caribbean,Caribbean,019,419,029
VIR,VI,850,ISO 3166-2:VI,18.335765,-64.896335,Virgin Islands (U.S.),United States Virgin Islands,Latin America & Caribbean,High income,..,,Americas,Latin America and the Caribbean,Caribbean,019,419,029
CYM,KY,136,ISO 3166-2:KY,19.513469,-80.566956,Cayman Islands,Cayman Islands,Latin America & Caribbean,High income,..,,Americas,Latin America and the Caribbean,Caribbean,019,419,029
GRD,GD,308,ISO 3166-2:GD,12.262776,-61.604171,Grenada,Grenada,Latin America & Caribbean,Upper middle income,Blend,,Americas,Latin America and the Caribbean,Caribbean,019,419,029
LCA,LC,662,ISO 3166-2:LC,13.909444,-60.978893,St. Lucia,Saint Lucia,Latin America & Caribbean,Upper middle income,Blend,,Americas,Latin America and the Caribbean,Caribbean,019,419,029
ATG,AG,028,ISO 3166-2:AG,17.060816,-61.796428,Antigua and Barbuda,Antigua and Barbuda,Latin America & Caribbean,High income,IBRD,,Americas,Latin America and the Caribbean,Caribbean,019,419,029
VGB,VG,092,ISO 3166-2:VG,18.420695,-64.639968,British Virgin Islands,British Virgin Islands,Latin America & Caribbean,High income,..,,Americas,Latin America and the Caribbean,Caribbean,019,419,029
DMA,DM,212,ISO 3166-2:DM,15.414999,-61.370976,Dominica,Dominica,Latin America & Caribbean,Upper middle income,Blend,,Americas,Latin America and the Caribbean,Caribbean,019,419,029
MSR,MS,500,,16.742498,-62.187366,,Montserrat,,,,,Americas,Latin America and the Caribbean,Caribbean,019,419,029
VCT,VC,670,ISO 3166-2:VC,12.984305,-61.287228,St. Vincent and the Grenadines,Saint Vincent and the Grenadines,Latin America & Caribbean,Upper middle income,Blend,,Americas,Latin America and the Caribbean,Caribbean,019,419,029
AIA,AI,660,,18.220554,-63.068615,,Anguilla,,,,,Americas,Latin America and the Caribbean,Caribbean,019,419,029
COL,CO,170,ISO 3166-2:CO,4.570868,-74.297333,Colombia,Colombia,Latin America & Caribbean,Upper middle income,IBRD,,Americas,Latin America and the Caribbean,South America,019,419,005
VEN,VE,862,ISO 3166-2:VE,6.42375,-66.58973,"Venezuela, RB",Venezuela (Bolivarian Republic of),Latin America & Caribbean,Upper middle income,IBRD,,Americas,Latin America and the Caribbean,South America,019,419,005
GUY,GY,328,ISO 3166-2:GY,4.860416,-58.93018,Guyana,Guyana,Latin America & Caribbean,Upper middle income,IDA,HIPC,Americas,Latin America and the Caribbean,South America,019,419,005
SUR,SR,740,ISO 3166-2:SR,3.919305,-56.027783,Suriname,Suriname,Latin America & Caribbean,Upper middle income,IBRD,,Americas,Latin America and the Caribbean,South America,019,419,005
GUF,GF,254,,3.933889,-53.125782,,French Guiana,,,,,Americas,Latin America and the Caribbean,South America,019,419,005
ECU,EC,218,ISO 3166-2:EC,-1.831239,-78.183406,Ecuador,Ecuador,Latin America & Caribbean,Upper middle income,IBRD,,Americas,Latin America and the Caribbean,South America,019,419,005
PER,PE,604,ISO 3166-2:PE,-9.189967,-75.015152,Peru,Peru,Latin America & Caribbean,Upper middle income,IBRD,,Americas,Latin America and the Caribbean,South America,019,419,005
BOL,BO,068,ISO 3166-2:BO,-16.290154,-63.588653,Bolivia,Bolivia (Plurinational State of),Latin America & Caribbean,Lower middle income,IBRD,HIPC,Americas,Latin America and the Caribbean,South America,019,419,005
CHL,CL,152,ISO 3166-2:CL,-35.675147,-71.542969,Chile,Chile,Latin America & Caribbean,High income,IBRD,,Americas,Latin America and the Caribbean,South America,019,419,005
BRA,BR,076,ISO 3166-2:BR,-14.235004,-51.92528,Brazil,Brazil,Latin America & Caribbean,Upper middle income,IBRD,,Americas,Latin America and the Caribbean,South America,019,419,005
PRY,PY,600,ISO 3166-2:PY,-23.442503,-58.443832,Paraguay,Paraguay,Latin America & Caribbean,Upper middle income,IBRD,,Americas,Latin America and the Caribbean,South America,019,419,005
URY,UY,858,ISO 3166-2:UY,-32.522779,-55.765835,Uruguay,Uruguay,Latin America & Caribbean,High income,IBRD,,Americas,Latin America and the Caribbean,South America,019,419,005
ARG,AR,032,ISO 3166-2:AR,-38.416097,-63.616672,Argentina,Argentina,Latin America & Caribbean,Upper middle income,IBRD,,Americas,Latin America and the Caribbean,South America,019,419,005
FLK,FK,238,,-51.796253,-59.523613,,Falkland Islands (Malvinas),,,,,Americas,Latin America and the Caribbean,South America,019,419,005
MAR,MA,504,ISO 3166-2:MA,31.791702,-7.09262,Morocco,Morocco,Middle East & North Africa,Lower middle income,IBRD,,Africa,Northern Africa,,002,015,
DZA,DZ,012,ISO 3166-2:DZ,28.033886,1.659626,Algeria,Algeria,Middle East & North Africa,Lower middle income,IBRD,,Africa,Northern Africa,,002,015,
TUN,TN,788,ISO 3166-2:TN,33.886917,9.537499,Tunisia,Tunisia,Middle East & North Africa,Lower middle income,IBRD,,Africa,Northern Africa,,002,015,
LBY,LY,434,ISO 3166-2:LY,26.3351,17.228331,Libya,Libya,Middle East & North Africa,Upper middle income,IBRD,,Africa,Northern Africa,,002,015,
EGY,EG,818,ISO 3166-2:EG,26.820553,30.802498,"Egypt, Arab Rep.",Egypt,Middle East & North Africa,Lower middle income,IBRD,,Africa,Northern Africa,,002,015,
SDN,SD,729,ISO 3166-2:SD,12.862807,30.217636,Sudan,Sudan,Sub-Saharan Africa,Low income,IDA,HIPC,Africa,Northern Africa,,002,015,
ESH,EH,732,,24.215527,-12.885834,,Western Sahara,,,,,Africa,Northern Africa,,002,015,
MRT,MR,478,ISO 3166-2:MR,21.00789,-10.940835,Mauritania,Mauritania,Sub-Saharan Africa,Lower middle income,IDA,HIPC,Africa,Sub-Saharan Africa,Western Africa,002,202,011
SEN,SN,686,ISO 3166-2:SN,14.497401,-14.452362,Senegal,Senegal,Sub-Saharan Africa,Lower middle income,IDA,HIPC,Africa,Sub-Saharan Africa,Western Africa,002,202,011
GMB,GM,270,ISO 3166-2:GM,13.443182,-15.310139,"Gambia, The",Gambia,Sub-Saharan Africa,Low income,IDA,HIPC,Africa,Sub-Saharan Africa,Western Africa,002,202,011
GNB,GW,624,ISO 3166-2:GW,11.803749,-15.180413,Guinea-Bissau,Guinea-Bissau,Sub-Saharan Africa,Low income,IDA,HIPC,Africa,Sub-Saharan Africa,Western Africa,002,202,011
GIN,GN,324,ISO 3166-2:GN,9.945587,-9.696645,Guinea,Guinea,Sub-Saharan Africa,Low income,IDA,HIPC,Africa,Sub-Saharan Africa,Western Africa,002,202,011
SLE,SL,694,ISO 3166-2:SL,8.460555,-11.779889,Sierra Leone,Sierra Leone,Sub-Saharan Africa,Low income,IDA,HIPC,Africa,Sub-Saharan Africa,Western Africa,002,202,011
LBR,LR,430,ISO 3166-2:LR,6.428055,-9.429499,Liberia,Liberia,Sub-Saharan Africa,Low income,IDA,HIPC,Africa,Sub-Saharan Africa,Western Africa,002,202,011
CIV,CI,384,ISO 3166-2:CI,7.539989,-5.54708,Côte d'Ivoire,Côte d’Ivoire,Sub-Saharan Africa,Lower middle income,IDA,HIPC,Africa,Sub-Saharan Africa,Western Africa,002,202,011
GHA,GH,288,ISO 3166-2:GH,7.946527,-1.023194,Ghana,Ghana,Sub-Saharan Africa,Lower middle income,IDA,HIPC,Africa,Sub-Saharan Africa,Western Africa,002,202,011
TGO,TG,768,ISO 3166-2:TG,8.619543,0.824782,Togo,Togo,Sub-Saharan Africa,Low income,IDA,HIPC,Africa,Sub-Saharan Africa,Western Africa,002,202,011
BEN,BJ,204,ISO 3166-2:BJ,9.30769,2.315834,Benin,Benin,Sub-Saharan Africa,Lower middle income,IDA,HIPC,Africa,Sub-Saharan Africa,Western Africa,002,202,011
MLI,ML,466,ISO 3166-2:ML,17.570692,-3.996166,Mali,Mali,Sub-Saharan Africa,Low income,IDA,HIPC,Africa,Sub-Saharan Africa,Western Africa,002,202,011
BFA,BF,854,ISO 3166-2:BF,12.238333,-1.561593,Burkina Faso,Burkina Faso,Sub-Saharan Africa,Low income,IDA,HIPC,Africa,Sub-Saharan Africa,Western Africa,002,202,011
CPV,CV,132,ISO 3166-2:CV,16.002082,-24.013197,Cabo Verde,Cabo Verde,Sub-Saharan Africa,Lower middle income,Blend,,Africa,Sub-Saharan Africa,Western Africa,002,202,011
NGA,NG,566,ISO 3166-2:NG,9.081999,8.675277,Nigeria,Nigeria,Sub-Saharan Africa,Lower middle income,Blend,,Africa,Sub-Saharan Africa,Western Africa,002,202,011
NER,NE,562,ISO 3166-2:NE,17.607789,8.081666,Niger,Niger,Sub-Saharan Africa,Low income,IDA,HIPC,Africa,Sub-Saharan Africa,Western Africa,002,202,011
RWA,RW,646,ISO 3166-2:RW,-1.940278,29.873888,Rwanda,Rwanda,Sub-Saharan Africa,Low income,IDA,HIPC,Africa,Sub-Saharan Africa,Eastern Africa,002,202,014
CMR,CM,120,ISO 3166-2:CM,7.369722,12.354722,Cameroon,Cameroon,Sub-Saharan Africa,Lower middle income,Blend,HIPC,Africa,Sub-Saharan Africa,Middle Africa,002,202,017
TCD,TD,148,ISO 3166-2:TD,15.454166,18.732207,Chad,Chad,Sub-Saharan Africa,Low income,IDA,HIPC,Africa,Sub-Saharan Africa,Middle Africa,002,202,017
CAF,CF,140,ISO 3166-2:CF,6.611111,20.939444,Central African Republic,Central African Republic,Sub-Saharan Africa,Low income,IDA,HIPC,Africa,Sub-Saharan Africa,Middle Africa,002,202,017
GNQ,GQ,226,ISO 3166-2:GQ,1.650801,10.267895,Equatorial Guinea,Equatorial Guinea,Sub-Saharan Africa,Upper middle income,IBRD,,Africa,Sub-Saharan Africa,Middle Africa,002,202,017
GAB,GA,266,ISO 3166-2:GA,-0.803689,11.609444,Gabon,Gabon,Sub-Saharan Africa,Upper middle income,IBRD,,Africa,Sub-Saharan Africa,Middle Africa,002,202,017
COG,CG,178,ISO 3166-2:CG,-0.228021,15.827659,"Congo, Rep.",Congo,Sub-Saharan Africa,Lower middle income,Blend,HIPC,Africa,Sub-Saharan Africa,Middle Africa,002,202,017
COD,CD,180,ISO 3166-2:CD,-4.038333,21.758664,"Congo, Dem. Rep.",Democratic Republic of the Congo,Sub-Saharan Africa,Low income,IDA,HIPC,Africa,Sub-Saharan Africa,Middle Africa,002,202,017
BRN,BN,096,ISO 3166-2:BN,4.535277,114.727669,Brunei Darussalam,Brunei Darussalam,East Asia & Pacific,High income,..,,Asia,South-eastern Asia,,142,035,
AGO,AO,024,ISO 3166-2:AO,-11.202692,17.873887,Angola,Angola,Sub-Saharan Africa,Lower middle income,IBRD,,Africa,Sub-Saharan Africa,Middle Africa,002,202,017
STP,ST,678,ISO 3166-2:ST,0.18636,6.613081,São Tomé and Principe,Sao Tome and Principe,Sub-Saharan Africa,Lower middle income,IDA,HIPC,Africa,Sub-Saharan Africa,Middle Africa,002,202,017
SHN,SH,654,,-24.143474,-10.030696,,Saint Helena,,,,,Africa,Sub-Saharan Africa,Western Africa,002,202,011
ETH,ET,231,ISO 3166-2:ET,9.145,40.489673,Ethiopia,Ethiopia,Sub-Saharan Africa,Low income,IDA,HIPC,Africa,Sub-Saharan Africa,Eastern Africa,002,202,014
DJI,DJ,262,ISO 3166-2:DJ,11.825138,42.590275,Djibouti,Djibouti,Middle East & North Africa,Lower middle income,IDA,,Africa,Sub-Saharan Africa,Eastern Africa,002,202,014
SOM,SO,706,ISO 3166-2:SO,5.152149,46.199616,Somalia,Somalia,Sub-Saharan Africa,Low income,IDA,HIPC,Africa,Sub-Saharan Africa,Eastern Africa,002,202,014
KEN,KE,404,ISO 3166-2:KE,-0.023559,37.906193,Kenya,Kenya,Sub-Saharan Africa,Lower middle income,Blend,,Africa,Sub-Saharan Africa,Eastern Africa,002,202,014
UGA,UG,800,ISO 3166-2:UG,1.373333,32.290275,Uganda,Uganda,Sub-Saharan Africa,Low income,IDA,HIPC,Africa,Sub-Saharan Africa,Eastern Africa,002,202,014
TZA,TZ,834,ISO 3166-2:TZ,-6.369028,34.888822,Tanzania,United Republic of Tanzania,Sub-Saharan Africa,Lower middle income,IDA,HIPC,Africa,Sub-Saharan Africa,Eastern Africa,002,202,014
SYC,SC,690,ISO 3166-2:SC,-4.679574,55.491977,Seychelles,Seychelles,Sub-Saharan Africa,High income,IBRD,,Africa,Sub-Saharan Africa,Eastern Africa,002,202,014
MOZ,MZ,508,ISO 3166-2:MZ,-18.665695,35.529562,Mozambique,Mozambique,Sub-Saharan Africa,Low income,IDA,HIPC,Africa,Sub-Saharan Africa,Eastern Africa,002,202,014
MDG,MG,450,ISO 3166-2:MG,-18.766947,46.869107,Madagascar,Madagascar,Sub-Saharan Africa,Low income,IDA,HIPC,Africa,Sub-Saharan Africa,Eastern Africa,002,202,014
MUS,MU,480,ISO 3166-2:MU,-20.348404,57.552152,Mauritius,Mauritius,Sub-Saharan Africa,High income,IBRD,,Africa,Sub-Saharan Africa,Eastern Africa,002,202,014
REU,RE,638,,-21.115141,55.536384,,Réunion,,,,,Africa,Sub-Saharan Africa,Eastern Africa,002,202,014
ZWE,ZW,716,ISO 3166-2:ZW,-19.015438,29.154857,Zimbabwe,Zimbabwe,Sub-Saharan Africa,Lower middle income,Blend,,Africa,Sub-Saharan Africa,Eastern Africa,002,202,014
NAM,NA,516,ISO 3166-2:NA,-22.95764,18.49041,Namibia,Namibia,Sub-Saharan Africa,Upper middle income,IBRD,,Africa,Sub-Saharan Africa,Southern Africa,002,202,018
ZAF,ZA,710,ISO 3166-2:ZA,-30.559482,22.937506,South Africa,South Africa,Sub-Saharan Africa,Upper middle income,IBRD,,Africa,Sub-Saharan Africa,Southern Africa,002,202,018
LSO,LS,426,ISO 3166-2:LS,-29.609988,28.233608,Lesotho,Lesotho,Sub-Saharan Africa,Lower middle income,IDA,,Africa,Sub-Saharan Africa,Southern Africa,002,202,018
MWI,MW,454,ISO 3166-2:MW,-13.254308,34.301525,Malawi,Malawi,Sub-Saharan Africa,Low income,IDA,HIPC,Africa,Sub-Saharan Africa,Eastern Africa,002,202,014
ZMB,ZM,894,ISO 3166-2:ZM,-13.133897,27.849332,Zambia,Zambia,Sub-Saharan Africa,Lower middle income,IDA,HIPC,Africa,Sub-Saharan Africa,Eastern Africa,002,202,014
BWA,BW,072,ISO 3166-2:BW,-22.328474,24.684866,Botswana,Botswana,Sub-Saharan Africa,Upper middle income,IBRD,,Africa,Sub-Saharan Africa,Southern Africa,002,202,018
SWZ,SZ,748,ISO 3166-2:SZ,-26.522503,31.465866,Eswatini,Eswatini,Sub-Saharan Africa,Lower middle income,IBRD,,Africa,Sub-Saharan Africa,Southern Africa,002,202,018
COM,KM,174,ISO 3166-2:KM,-11.875001,43.872219,Comoros,Comoros,Sub-Saharan Africa,Lower middle income,IDA,HIPC,Africa,Sub-Saharan Africa,Eastern Africa,002,202,014
ERI,ER,232,ISO 3166-2:ER,15.179384,39.782334,Eritrea,Eritrea,Sub-Saharan Africa,Low income,IDA,HIPC,Africa,Sub-Saharan Africa,Eastern Africa,002,202,014
AUS,AU,036,ISO 3166-2:AU,-25.274398,133.775136,Australia,Australia,East Asia & Pacific,High income,..,,Oceania,Australia and New Zealand,,009,053,
PNG,PG,598,ISO 3166-2:PG,-6.314993,143.95555,Papua New Guinea,Papua New Guinea,East Asia & Pacific,Lower middle income,Blend,,Oceania,Melanesia,,009,054,
NZL,NZ,554,ISO 3166-2:NZ,-40.900557,174.885971,New Zealand,New Zealand,East Asia & Pacific,High income,..,,Oceania,Australia and New Zealand,,009,053,
COK,CK,184,,-21.236736,-159.777671,,Cook Islands,,,,,Oceania,Polynesia,,009,061,
TKL,TK,772,,-8.967363,-171.855881,,Tokelau,,,,,Oceania,Polynesia,,009,061,
NIU,NU,570,,-19.054445,-169.867233,,Niue,,,,,Oceania,Polynesia,,009,061,
WSM,WS,882,ISO 3166-2:WS,-13.759029,-172.104629,Samoa,Samoa,East Asia & Pacific,Upper middle income,IDA,,Oceania,Polynesia,,009,061,
VUT,VU,548,ISO 3166-2:VU,-15.376706,166.959158,Vanuatu,Vanuatu,East Asia & Pacific,Lower middle income,IDA,,Oceania,Melanesia,,009,054,
FJI,FJ,242,ISO 3166-2:FJ,-16.578193,179.414413,Fiji,Fiji,East Asia & Pacific,Upper middle income,Blend,,Oceania,Melanesia,,009,054,
SLB,SB,090,ISO 3166-2:SB,-9.64571,160.156194,Solomon Islands,Solomon Islands,East Asia & Pacific,Lower middle income,IDA,,Oceania,Melanesia,,009,054,
TON,TO,776,ISO 3166-2:TO,-21.178986,-175.198242,Tonga,Tonga,East Asia & Pacific,Upper middle income,IDA,,Oceania,Polynesia,,009,061,
KIR,KI,296,ISO 3166-2:KI,-3.370417,-168.734039,Kiribati,Kiribati,East Asia & Pacific,Lower middle income,IDA,,Oceania,Micronesia,,009,057,
PCN,PN,612,,-24.703615,-127.439308,,Pitcairn,,,,,Oceania,Polynesia,,009,061,
NRU,NR,520,ISO 3166-2:NR,-0.522778,166.931503,Nauru,Nauru,East Asia & Pacific,High income,IBRD,,Oceania,Micronesia,,009,057,
NCL,NC,540,ISO 3166-2:NC,-20.904305,165.618042,New Caledonia,New Caledonia,East Asia & Pacific,High income,..,,Oceania,Melanesia,,009,054,
PYF,PF,258,ISO 3166-2:PF,-17.679742,-149.406843,French Polynesia,French Polynesia,East Asia & Pacific,High income,..,,Oceania,Polynesia,,009,061,
GUM,GU,316,ISO 3166-2:GU,13.444304,144.793731,Guam,Guam,East Asia & Pacific,High income,..,,Oceania,Micronesia,,009,057,
ASM,AS,016,ISO 3166-2:AS,-14.270972,-170.132217,American Samoa,American Samoa,East Asia & Pacific,Upper middle income,..,,Oceania,Polynesia,,009,061,
TUV,TV,798,ISO 3166-2:TV,-7.109535,177.64933,Tuvalu,Tuvalu,East Asia & Pacific,Upper middle income,IDA,,Oceania,Polynesia,,009,061,
MHL,MH,584,ISO 3166-2:MH,7.131474,171.184478,Marshall Islands,Marshall Islands,East Asia & Pacific,Upper middle income,IDA,,Oceania,Micronesia,,009,057,
FSM,FM,583,ISO 3166-2:FM,7.425554,150.550812,"Micronesia, Fed. Sts.",Micronesia (Federated States of),East Asia & Pacific,Lower middle income,IDA,,Oceania,Micronesia,,009,057,
MNP,MP,580,ISO 3166-2:MP,17.33083,145.38469,Northern Mariana Islands,Northern Mariana Islands,East Asia & Pacific,High income,..,,Oceania,Micronesia,,009,057,
PLW,PW,585,ISO 3166-2:PW,7.51498,134.58252,Palau,Palau,East Asia & Pacific,High income,IBRD,,Oceania,Micronesia,,009,057,
JPN,JP,392,ISO 3166-2:JP,36.204824,138.252924,Japan,Japan,East Asia & Pacific,High income,..,,Asia,Eastern Asia,,142,030,
IOT,IO,086,,-6.343194,71.876519,,British Indian Ocean Territory,,,,,Africa,Sub-Saharan Africa,Eastern Africa,002,202,014
BDI,BI,108,,-3.373056,29.918886,,Burundi,,,,,Africa,Sub-Saharan Africa,Eastern Africa,002,202,014
ATF,TF,260,,-49.280366,69.348557,,French Southern Territories,,,,,Africa,Sub-Saharan Africa,Eastern Africa,002,202,014
MYT,YT,175,,-12.8275,45.166244,,Mayotte,,,,,Africa,Sub-Saharan Africa,Eastern Africa,002,202,014
SSD,SS,728,,,,,South Sudan,,,,,Africa,Sub-Saharan Africa,Eastern Africa,002,202,014
ABW,AW,533,,12.52111,-69.968338,,Aruba,,,,,Americas,Latin America and the Caribbean,Caribbean,019,419,029
BQ,535,Sint Eustatius and Saba,,,,,Bonaire,,,,,Americas,Latin America and the Caribbean,Caribbean,019,419,029
CUW,CW,531,,,,,Curaçao,,,,,Americas,Latin America and the Caribbean,Caribbean,019,419,029
GLP,GP,312,,16.995971,-62.067641,,Guadeloupe,,,,,Americas,Latin America and the Caribbean,Caribbean,019,419,029
MTQ,MQ,474,,14.641528,-61.024174,,Martinique,,,,,Americas,Latin America and the Caribbean,Caribbean,019,419,029
BLM,BL,652,,,,,Saint Barthélemy,,,,,Americas,Latin America and the Caribbean,Caribbean,019,419,029
KNA,KN,659,,17.357822,-62.782998,,Saint Kitts and Nevis,,,,,Americas,Latin America and the Caribbean,Caribbean,019,419,029
MAF,MF,663,,,,,Saint Martin (French Part),,,,,Americas,Latin America and the Caribbean,Caribbean,019,419,029
SXM,SX,534,,,,,Sint Maarten (Dutch part),,,,,Americas,Latin America and the Caribbean,Caribbean,019,419,029
BVT,BV,074,,-54.423199,3.413194,,Bouvet Island,,,,,Americas,Latin America and the Caribbean,South America,019,419,005
SGS,GS,239,,-54.429579,-36.587909,,South Georgia and the South Sandwich Islands,,,,,Americas,Latin America and the Caribbean,South America,019,419,005
ATA,AQ,010,,-75.250973,-0.071389,,Antarctica,,,,,,,,,,
HK,344,Hong Kong Special Administrative Region,,,,,China,,,,,Asia,Eastern Asia,,142,030,
MO,446,Macao Special Administrative Region,,,,,China,,,,,Asia,Eastern Asia,,142,030,
ALA,AX,248,,,,,Åland Islands,,,,,Europe,Northern Europe,,150,154,
GGY,GG,831,,49.465691,-2.585278,,Guernsey,,,,,Europe,Northern Europe,Channel Islands,150,154,830
JEY,JE,832,,49.214439,-2.13125,,Jersey,,,,,Europe,Northern Europe,Channel Islands,150,154,830
,,680,,,,,Sark,,,,,Europe,Northern Europe,Channel Islands,150,154,830
FRO,FO,234,,61.892635,-6.911806,,Faroe Islands,,,,,Europe,Northern Europe,,150,154,
IMN,IM,833,,54.236107,-4.548056,,Isle of Man,,,,,Europe,Northern Europe,,150,154,
SJM,SJ,744,,77.553604,23.670272,,Svalbard and Jan Mayen Islands,,,,,Europe,Northern Europe,,150,154,
VAT,VA,336,,41.902916,12.453389,,Holy See,,,,,Europe,Southern Europe,,150,039,
SMR,SM,674,,43.94236,12.457777,,San Marino,,,,,Europe,Southern Europe,,150,039,
LIE,LI,438,,47.166,9.555373,,Liechtenstein,,,,,Europe,Western Europe,,150,155,
CXR,CX,162,,-10.447525,105.690449,,Christmas Island,,,,,Oceania,Australia and New Zealand,,009,053,
CCK,CC,166,,-12.164165,96.870956,,Cocos (Keeling) Islands,,,,,Oceania,Australia and New Zealand,,009,053,
HMD,HM,334,,-53.08181,73.504158,,Heard Island and McDonald Islands,,,,,Oceania,Australia and New Zealand,,009,053,
NFK,NF,574,,-29.040835,167.954712,,Norfolk Island,,,,,Oceania,Australia and New Zealand,,009,053,
UMI,UM,581,,,,,United States Minor Outlying Islands,,,,,Oceania,Micronesia,,009,057,
WLF,WF,876,,-13.768752,-177.156097,,Wallis and Futuna Islands,,,,,Oceania,Polynesia,,009,061,
